Улица,дом,Широта,Долгота,Брэнд,Брэнд2
Санкт-Петербургское,д. 96,59.8535229,30.027211,Радуга,
Петергофское,д. 98,59.8517469,30.093418,???,
Ветеранов пр.,д. 147,59.835955,30.135857,Озерки,
Таллинское ш.,д. 27,59.795734,30.147490,Радуга,
Тамбасова ул.,д. 32,59.828539,30.157756,Первая помощь,
Таллинское ш.,д. 159,59.807298,30.163285,Радуга,
Ветеранов пр.,д. 122а,59.832718,30.178352,Первая помощь,Озерки
Партизана Германа,д. 2,59.8436884,30.1796365,???????,
Маршала Захарова,д. 21,59.853366,30.192579,Озерки,
Туристская ул,д. 10 корп. 1,59.990243,30.2026708,Озерки,
Ленинский пр-кт,д. 87 корп. 1,59.8552901,30.204276,Озерки,
Ленинский пр-кт,д. 90,59.855464,30.209065,Первая помощь,
Савушкина ул,д. 131,59.987718,30.214651,Озерки,
ул. Дмитрия Кожемякина,д. 1/1,60.137585,30.215136,Радуга,
Ветеранов пр.,д. 78,59.832961,30.215726,Озерки,
Савушкина ул,д. 112,59.984586,30.2262229,Радуга,
Савушкина ул,д. 119,59.988572,30.226293,Радуга,
Маршала Жукова,д. 31,59.8585197,30.2285112,Радуга,
Богатырский пр-кт,д. 42,60.0029941,30.2285119,Радуга,
Кораблестроителей ул,д. 44 корп. 1,59.956831,30.229746,Первая помощь,
Малый В.О.,д. 88,59.938546,30.229911,Первая помощь,
Наличная ул,д. 22,59.938062,30.231980,Озерки,
Одоевского ул,д. 31,59.948752,30.233361,Первая помощь,
Беринга ул,д. 27,59.945187,30.237354,Озерки,
Ветеранов пр.,д. 53/56,59.840679,30.238201,Первая помощь,
Уральская,д. 29-1,59.9563577,30.2443806,Радуга,
Детская ул.,д. 11,59.931577,30.250390,Первая помощь,
Дачный пр-кт,д. 17 корп.4,59.842765,30.252288,Озерки,
Комендантский пр-кт,д. 21 корп.1,60.013884,30.253683,Первая помощь,
Торфяная дор,д. 2 корп. 1,59.9885428,30.254784,Озерки,
Кронштадтская ул,д. 22,59.868300,30.257696,Озерки,
Комендантский пр-кт,д. 13 корп. 1,60.009370,30.259004,Озерки,
Стачек пр-кт,д. 67 корп.3,59.870600,30.259222,Первая помощь,
Стачек пр-кт,д. 75,59.867189,30.2593620,Озерки,
Стачек пр-кт,д. 47,59.8808948,30.2607868,Озерки,
М.Говорова ул.,д. 11/3,59.878534,30.267479,Первая помощь,
Большой пр.В.О.,д. 63/17,59.935312,30.268095,Радуга,
Новаторов б-р,д. 8,59.8505854,30.2694974,Озерки,
Богатырский пр-кт,д. 13,60.000144,30.27191,Радуга,
Выборгское,д. 216,60.075006,30.272244,Радуга,
9-я линия ВО,д.56,59.945153,30.272477,Радуга,
11-я линия В.О.,д. 32/44,59.941316,30.272976,Первая помощь,
Большой пр В.О.,д. 47,59.937018,30.273847,Радуга,
Стачек пр-кт,д. 1,59.898483,30.274725,Первая помощь,
Старо-Петергофский пр-кт,д. 43-45,59.902084,30.274781,Озерки,
8-я В.О. линия,д. 37,59.940956,30.278025,Озерки,
Байконурская,д. 26,60.014908,30.279548,Радуга,Роста
7-линия В.О.,д. 24а,59.939414,30.282122,Первая помощь,
Серебристый,д. 27 к.2,60.010421,30.284969,Радуга,
Английский пр.,д. 40,59.921229,30.2870298,Первая помощь,
Богатырский пр-кт,д. 7,60.000271,30.287764,Озерки,
Чкаловский пр.,д. 16,59.960965,30.289665,Первая помощь,
Декабристов ул,д. 37,59.925243,30.289702,Первая помощь,Озерки
Галерная,д. 26,59.932172,30.290785,Радуга,
Большая Зеленина,д. 13,59.961615,30.292326,Радуга,
Савушкина ул,д. 9,59.9862119,30.296297,Озерки,
Новоколомяжский пр-кт,д. 4 корп.1,60.027114,30.296907,Озерки,
Коломяжский пр-кт,д. 15 корп. 2,60.001034,30.299649,Озерки,
Савушкина ул.,д. 1/2,59.986819,30.3006795,Первая помощь,
набережная Обводного канала,д. 118 корп.7,59.906958,30.3023911,Радуга,
Ленина ул.,д. 20 А,59.962196,30.304025,Радуга,
Воскова ул.,д. 15-17,59.957783,30.308291,Первая помощь,
Выборгское,д. 19 корп.1,60.056352,30.309038,Радуга,
Краснопутиловская ул.,д. 121,59.848116,30.310665,Озерки,
Каменноостровский пр-кт,д. 39,59.9670319,30.310798,Радуга,Озерки
Большой П.С. пр-кт,д. 94,59.965374,30.3108639,Радуга,
Гороховая,д. 16/71,59.933579,30.314603,Первая помощь,
Удельный пр-кт,д. 25,60.017642,30.314834,Озерки,
Выборгское,д. 11,60.047117,30.314946,Радуга,
Московский пр-кт,д. 137,59.8817290,30.3149581,Радуга,
Невский пр-кт,д. 11/2,59.936381,30.3152122,Первая помощь,
Московский пр-кт,д. 5,59.925154,30.317058,Озерки,
Пулковское ш.,д. 17,59.827017,30.317224,Радуга,
2-я Красноармейская,д. 2/27,59.9151965,30.31739,Первая помощь,
Московский пр-кт,д. 25/1,59.9155673,30.3176955,Озерки,
Ефимова,д. 1,59.926352,30.318662,Первая помощь,
Каменноостровский пр-кт,д. 9/2,59.958495,30.319332,Озерки,
Московский пр-кт,д. 167,59.863696,30.320104,Озерки,Первая помощь
Московский пр-кт,д. 197,59.849096,30.320182,Озерки,
Спасский пер,д. 14/35,59.927953,30.320314,Озерки,
Шереметьевская,д. 11,59.808325,30.320421,Радуга,
Выборгское,д. 3 корп.1,60.0377561,30.3207476,Радуга,
Московский пр-кт,д. 220а,59.848091,30.322378,Первая помощь,
Энгельса пр-кт,д. 55,60.017078,30.322618,Первая помощь,
Пулковское ш,д. 43 корп. 1,59.788422,30.322654,Озерки,
Энгельса пр-кт,д. 111 корп. 1,60.036342,30.323885,Озерки,
Просвещения пр.,д. 30,60.055329,30.325108,Первая помощь,
Мичуринская ул.,д. 21/11,59.9567689,30.326313,Первая помощь,
Пулковское ш.,д. 20 корп.4,59.827824,30.326881,Первая помощь,
Есенина,д. 4/2,60.026761,30.327038,Первая помощь,???
Сикейроса ул.,д. 11,60.0345719,30.3293469,Первая помощь,
Просвещения пр-кт,д. 19,60.052564,30.331800,Радуга,
Луначарского пр.,д. 52 корп.1,60.043334,30.332573,Первая помощь,
Куйбышева ул,д. 36,59.957777,30.332880,Озерки,
Просвещения пр-кт,д. 34,60.053683,30.333565,Озерки,
Энгельса пр-кт,д. 154,60.058925,30.334865,Радуга,
Энгельса пр-кт,д. 139/21,60.051473,30.335155,Озерки,
Загородный пр-кт,д. 36,59.9241529,30.3377898,Озерки,
Смолячкова ул.,д. 12,59.971117,30.343708,Первая помощь,
Смолячкова ул,д. 16,59.971589,30.347000,Озерки,
Ленсовета ул,д. 80,59.834316,30.347113,Озерки,
Владимирский пр-кт,д. 16,59.929466,30.3480339,Первая помощь,
Колокольная ул,д. 2/18,59.9290542,30.3484634,Озерки,
Литейный пр-кт,д. 56,59.935081,30.349410,Озерки,Радуга
Космонавтов,д. 45,59.8513519,30.35004,Радуга,
Ленсовета ул.,д. 88,59.832920,30.350151,Первая помощь,
Космонавтов,д. 14,59.8691569,30.3502409,Радуга,
Звездная ул.,д. 8,59.833980,30.350434,Первая помощь,
Просвещения пр.,д. 35,60.049072,30.350542,Первая помощь,
Разъезжая ул.,д. 42/34,59.921651,30.353227,Первая помощь,
Невский пр-кт,д. 98,59.932058,30.3549949,Радуга,
Маяковского,д. 19/15,59.938734,30.356383,Радуга,
Фучика,д. 2,59.877520,30.356678,Радуга,
Кузнечный,д. 22,59.9268289,30.3572206,Озерки,
Комсомола ул,д. 35,59.955731,30.357851,Озерки,
Невский пр-кт,д. 81,59.9309572,30.3594356,Радуга,
Лиговский пр-кт,д. 44,59.926024,30.359801,Первая помощь,
Чайковского ул.,д. 40А,59.946666,30.360089,Первая помощь,
2-й Муринский пр-кт,д. 51,59.997737,30.36091,Озерки,
Восстания ул,д. 55,59.943569,30.361049,Первая помощь,Озерки
Некрасова ул.,д. 40,59.9388381,30.3612294,Первая помощь,
Лиговский пр-кт,д. 27/7,59.93392,30.362241,Первая помощь,
Сиреневый бульвар.,д. 18А,60.051871,30.364124,Первая помощь,
Кирочная ул.,д. 38,59.944039,30.364884,Первая помощь,
Некрасова ул.,д. 56,59.938549,30.366933,Первая помощь,Роста
Будапештская ул.,д. 11,59.868945,30.367816,Первая помощь,
Суворовский пр-кт,д. 1/8,59.932032,30.368229,Первая помощь,
Культуры пр-кт,д. 12 корп.1,60.041067,30.369114,Первая помощь,
Тихорецкий пр.,д. 7 корп.1,60.013713,30.369146,Первая помощь,Роста
Политехническая ул,д. 31,60.0096169,30.3698489,Озерки,
Суворовский пр-кт,д. 15,59.934766,30.371035,Первая помощь,Радуга
Культуры пр-кт,д. 11 корп.1,60.039677,30.371686,Озерки,
Луначарского пр.,д. 80,60.036017,30.374356,Первая помощь,
Невский пр-кт,д. 158,59.927458,30.375261,Первая помощь,
Бухарестская ул.,д. 72,59.875749,30.376715,Первая помощь,
Балканская,д. 5,59.829304,30.378676,Радуга,
Славы пр.,д. 21,59.855693,30.379372,Озерки,
Бухарестская ул,д. 72 корп. 1,59.872308,30.380099,Озерки,
Малая Балканская ул,д. 27,59.829586,30.383262,Радуга,
Белы Куна ул.,д. 16 корп.1,59.873340,30.383824,Первая помощь,
Малая Балканская ул,д. 26,59.829751,30.385571,Озерки,
Науки пр-кт,д. 17,60.0143459,30.388484,Радуга,
Ярослава Гашека ул,д. 9 корп. 1,59.831664,30.389261,Озерки,
Металлистов пр.,д. 113,59.974332,30.389445,Первая помощь,
Бухарестская ул.,д. 43А,59.8602988,30.3899283,Первая помощь,
Кондратьевский пр-кт,д. 49А,59.972183,30.389983,Озерки,
Васенко ул.,д. 3,59.970485,30.390405,Первая помощь,Роста
Бухарестская ул,д. 96,59.859956,30.393805,Озерки,
Кондратьевский пр-кт,д. 64 корп.2,59.982215,30.394579,Радуга,
Гражданский пр-кт,д. 66 корп. 2,60.014012,30.395225,Озерки,
Просвещения пр-кт,д. 69,60.039750,30.395864,Озерки,
Гражданский пр-кт,д. 68,60.013635,30.397010,Первая помощь,
Бухарестская ул,д. 69,59.8498931,30.3977867,Радуга,
Гражданский пр-кт,д. 41,60.012771,30.398134,Радуга,
Московское ш.,д. 16а,59.798944,30.399148,Радуга,
О. Дундича,д. 17/1,59.827621,30.399245,Первая помощь,
Гражданский пр-кт,д. 43 корп.1,60.013244,30.399307,Озерки,
Стахановцев ул,д. 6 корп. 8,59.928419,30.407777,Озерки,
Металлистов пр.,д. 88,59.968802,30.408176,Первая помощь,
Просвещения пр-кт,д. 80 корп.2,60.038678,30.409501,Радуга,
Софьи Ковалевской ул.,д. 3,60.012601,30.411857,Первая помощь,
Среднеохтинский пр-кт,д. 2а,59.944496,30.412718,Озерки,
Бухарестская ул.,д. 89,59.832781,30.414944,Радуга,
Заневский пр.,д. 23,59.9293419,30.4151031,Роста,
Гражданский пр-кт,д. 114 корп. 1,60.032886,30.416541,Озерки,
Науки пр-кт,д. 30 корп.1,60.008480,30.417247,Первая помощь,
Революции ш.,д. 20,59.959785,30.4212359,Озерки,
Пискаревский пр.,д. 39,59.979229,30.421542,Первая помощь,
Бухарестская ул.,д. 156 корп.1,59.829650,30.423743,Первая помощь,
Заневский,д. 65/1,59.930069,30.4330871,Радуга,
Руставели,д. 61,60.0313959,30.435053,Радуга,
Заневский,д. 67,59.933414,30.4384299,Радуга,
Бабушкина ул,д. 42 корп.1,59.877409,30.444485,Озерки,
Дальневосточный,д. 16,59.909867,30.449700,Радуга,
Пятилеток пр.,д. 8 корп.1,59.921919,30.459215,Первая помощь,
Клочков пер,д. 6 корп. 1,59.919718,30.4619129,Озерки,
Народная ул,д. 16,59.880490,30.462668,Озерки,
Дыбенко,д. 13/1,59.90139,30.4644359,Первая помощь,
Пятилеток,д. 2,59.919659,30.465274,Озерки,
Обуховской обороны пр.,д. 229,59.8645232,30.4694926,Первая помощь,
Индустриальный пр.,д. 30/23,59.950410,30.471429,Озерки,
Большевиков пр-кт,д. 2,59.918665,30.472666,Озерки,
Индустриальный пр.,д. 24,59.946203,30.4742589,Радуга,
Индустриальный пр.,д. 25,59.946877,30.477572,Радуга,
Большевиков пр-кт,д. 10,59.9120461,30.4802032,Радуга,
Коллонтай ул.,д. 28,59.9231342,30.4816655,Первая помощь,
Большевиков пр-кт,д. 21,59.905541,30.482762,Озерки,
Осипенко ул,д. 2,59.945436,30.483148,Озерки,
Большевиков пр-кт,д. 27,59.9004924,30.486048,Первая помощь,
Косыгина,д. 26 корп.1,59.945609,30.486158,Радуга,
Наставников пр.,д. 3,59.936703,30.489226,Озерки,
Наставников пр.,д. 31 корп.1,59.948485,30.489817,Первая помощь,
Хасанская,д. 17,59.934136,30.496853,Радуга,
Ленская ул.,д. 18,59.940058,30.497655,Первая помощь,
Караваевская ул,д. 24 корп. 1,59.833506,30.506696,Озерки,
Шлиссельбургский пр.,д. 24 корп.1,59.835753,30.510689,Первая помощь,